family	group	method	auc_unit1	auc_unit25	auc_delta	avg_BS_delta
family_1	group5 len = 82	Supermatrix-ME	0.816238038277512	0.986296296296296	0.170058258018784	0.109114583333333
family_2	group5 len = 82	Supermatrix-ME	0.870936371214226	0.819	-0.0519363712142262	-0.0138020833333333
family_3	group5 len = 82	Supermatrix-ME	0.908025568181818	0.934074074074074	0.0260485058922558	0.05234375
family_4	group5 len = 82	Supermatrix-ME	0.927514346118997	0.927	-0.000514346118997255	0.0958333333333333
family_5	group5 len = 82	Supermatrix-ME	0.836502782931354	0.5	-0.336502782931354	0.108333333333333
family_6	group5 len = 82	Supermatrix-ME	0.718954248366013	0.5	-0.218954248366013	0.0744791666666667
family_7	group5 len = 82	Supermatrix-ME	0.741174768518518	0.7725	0.0313252314814815	0.121354166666667
family_8	group5 len = 82	Supermatrix-ME	0.807972027972028	0.7603125	-0.0476595279720281	0.136458333333333
family_9	group5 len = 82	Supermatrix-ME	0.8734375	0.5	-0.3734375	0.0143229166666667
family_10	group5 len = 82	Supermatrix-ME	0.799090650753055	0.8596875	0.0605968492469452	0.123958333333333
family_11	group5 len = 82	Supermatrix-ME	0.752083932164415	0.893888888888889	0.141804956724474	0.0304687499999999
family_12	group5 len = 82	Supermatrix-ME	0.770710928319624	0.83825	0.067539071680376	0.0453125
family_13	group5 len = 82	Supermatrix-ME	0.850448933782267	0.918333333333333	0.0678843995510662	0.110416666666667
family_14	group5 len = 82	Supermatrix-ME	0.780676187700379	0.542272727272727	-0.238403460427652	0.179427083333333
family_15	group5 len = 82	Supermatrix-ME	0.857003620161515	0.74375	-0.113253620161515	0.08359375
family_16	group5 len = 82	Supermatrix-ME	0.844598416289593	0.807727272727273	-0.03687114356232	0.01953125
family_17	group5 len = 82	Supermatrix-ME	0.816520688613712	0.79625	-0.0202706886137118	0.0268229166666667
family_18	group5 len = 82	Supermatrix-ME	0.778635381290522	0.5	-0.278635381290522	0.0927083333333334
family_19	group5 len = 82	Supermatrix-ME	0.919034090909091	0.845909090909091	-0.073125	0.0549479166666667
family_20	group5 len = 82	Supermatrix-ME	0.881747159090909	0.953636363636364	0.0718892045454546	0.0981770833333333
family_21	group5 len = 82	Supermatrix-ME	0.75668295487209	0.624074074074074	-0.132608880798016	0.103125
family_22	group5 len = 82	Supermatrix-ME	0.808184143222506	0.878148148148148	0.0699640049256417	0.0669270833333333
family_23	group5 len = 82	Supermatrix-ME	0.758928571428571	0.968181818181818	0.209253246753247	0.129947916666667
family_24	group5 len = 82	Supermatrix-ME	0.826890756302521	0.992727272727273	0.165836516424752	0.116666666666667
family_25	group5 len = 82	Supermatrix-ME	0.844087681383143	0.5	-0.344087681383143	0.121875
family_26	group5 len = 82	Supermatrix-ME	0.73823447507658	0.6365	-0.10173447507658	0.105729166666667
family_27	group5 len = 82	Supermatrix-ME	0.705592105263158	0.695454545454545	-0.0101375598086124	0.0893229166666667
family_28	group5 len = 82	Supermatrix-ME	0.73515625	0.957037037037037	0.221880787037037	0.116927083333333
family_29	group5 len = 82	Supermatrix-ME	0.844391244870041	0.99725	0.152858755129959	0.0536458333333333
family_30	group5 len = 82	Supermatrix-ME	0.822884012539185	0.93375	0.110865987460815	0.116927083333333
family_31	group5 len = 82	Supermatrix-ME	0.768515911010983	0.8171875	0.0486715889890172	0.0390625
family_32	group5 len = 82	Supermatrix-ME	0.822563835330901	0.986363636363636	0.163799801032735	0.09375
family_33	group5 len = 82	Supermatrix-ME	0.78670745272525	0.95359375	0.16688629727475	0.0875
family_34	group5 len = 82	Supermatrix-ME	0.756392045454545	0.5	-0.256392045454545	0.0966145833333334
family_35	group5 len = 82	Supermatrix-ME	0.798136645962733	0.977	0.178863354037267	0.09765625
family_36	group5 len = 82	Supermatrix-ME	0.868003341687552	0.98475	0.116746658312448	0.0838541666666667
family_37	group5 len = 82	Supermatrix-ME	0.881211180124224	0.9365	0.0552888198757763	0.116927083333333
family_38	group5 len = 82	Supermatrix-ME	0.899714285714286	0.857777777777778	-0.0419365079365079	0.096875
family_39	group5 len = 82	Supermatrix-ME	0.717282578494026	0.770454545454545	0.0531719669605193	0.0497395833333333
family_40	group5 len = 82	Supermatrix-ME	0.706666666666667	0.685454545454546	-0.0212121212121211	0.115625
family_41	group5 len = 82	Supermatrix-ME	0.754103967168263	0.543181818181818	-0.210922148986444	0.05234375
family_42	group5 len = 82	Supermatrix-ME	0.848274316450022	0.986818181818182	0.138543865368159	0.1234375
family_43	group5 len = 82	Supermatrix-ME	0.927325581395349	0.5	-0.427325581395349	0.123177083333333
family_44	group5 len = 82	Supermatrix-ME	0.877780867630701	0.813181818181818	-0.0645990494488825	0.0257812500000001
family_45	group5 len = 82	Supermatrix-ME	0.823943661971831	0.91325	0.089306338028169	0.123697916666667
family_46	group5 len = 82	Supermatrix-ME	0.768952546296296	0.580454545454545	-0.188498000841751	0.0802083333333333
family_47	group5 len = 82	Supermatrix-ME	0.809972213646187	0.98640625	0.176434036353813	0.06640625
family_48	group5 len = 82	Supermatrix-ME	0.835925925925926	0.929090909090909	0.0931649831649831	0.111197916666667
family_49	group5 len = 82	Supermatrix-ME	0.892131318394997	0.5	-0.392131318394997	0.11796875
family_50	group5 len = 82	Supermatrix-ME	0.823812580231065	0.92	0.0961874197689346	0.0692708333333334
family_51	group5 len = 82	Supermatrix-ME	0.75513758272379	0.71325	-0.0418875827237897	0.107291666666667
family_52	group5 len = 82	Supermatrix-ME	0.749579124579125	0.859285714285714	0.10970658970659	0.0611979166666667
family_53	group5 len = 82	Supermatrix-ME	0.851875	0.963181818181818	0.111306818181818	0.174739583333333
family_54	group5 len = 82	Supermatrix-ME	0.818420285631011	0.958181818181818	0.139761532550807	0.0622395833333333
family_55	group5 len = 82	Supermatrix-ME	0.832242225859247	0.5	-0.332242225859247	0.128125
family_56	group5 len = 82	Supermatrix-ME	0.635316985645933	0.52075	-0.114566985645933	0.0625
family_57	group5 len = 82	Supermatrix-ME	0.754669199113643	0.9885	0.233830800886356	0.0940104166666668
family_58	group5 len = 82	Supermatrix-ME	0.787309368191721	0.994090909090909	0.206781540899188	0.134635416666667
family_59	group5 len = 82	Supermatrix-ME	0.728319377990431	0.5	-0.228319377990431	0.07421875
family_60	group5 len = 82	Supermatrix-ME	0.872592592592593	0.719090909090909	-0.153501683501683	0.0453125000000001
family_61	group5 len = 82	Supermatrix-ME	0.823888888888889	0.5	-0.323888888888889	0.152864583333333
family_62	group5 len = 82	Supermatrix-ME	0.837714285714286	0.91325	0.0755357142857143	0.0963541666666667
family_63	group5 len = 82	Supermatrix-ME	0.80952380952381	0.5	-0.30952380952381	0.05859375
family_64	group5 len = 82	Supermatrix-ME	0.777710661431592	0.945	0.167289338568408	0.0721354166666667
family_65	group5 len = 82	Supermatrix-ME	0.752464094621233	0.82734375	0.0748796553787666	0.0526041666666667
family_66	group5 len = 82	Supermatrix-ME	0.913127990430622	0.9965	0.083372009569378	0.105989583333333
family_67	group5 len = 82	Supermatrix-ME	0.766757865937073	0.5	-0.266757865937073	0.0476562500000001
family_68	group5 len = 82	Supermatrix-ME	0.822311753264796	0.675185185185185	-0.147126568079611	0.1453125
family_69	group5 len = 82	Supermatrix-ME	0.839506172839506	0.931296296296296	0.0917901234567902	0.0815104166666666
family_70	group5 len = 82	Supermatrix-ME	0.782696177062374	0.995454545454545	0.212758368392171	0.0575520833333333
family_71	group5 len = 82	Supermatrix-ME	0.793006993006993	0.96037037037037	0.167363377363377	0.08046875
family_72	group5 len = 82	Supermatrix-ME	0.735578947368421	0.93475	0.199171052631579	0.0799479166666667
family_73	group5 len = 82	Supermatrix-ME	0.738499536894103	0.990740740740741	0.252241203846638	0.0515625000000001
family_74	group5 len = 82	Supermatrix-ME	0.818865740740741	0.984	0.165134259259259	0.1296875
family_75	group5 len = 82	Supermatrix-ME	0.861491108071135	0.580454545454545	-0.28103656261659	0.127604166666667
family_76	group5 len = 82	Supermatrix-ME	0.758373205741627	0.91037037037037	0.151997164628744	0.0651041666666667
family_77	group5 len = 82	Supermatrix-ME	0.834255942689678	0.82	-0.0142559426896776	0.13359375
family_78	group5 len = 82	Supermatrix-ME	0.892421052631579	0.5	-0.392421052631579	0.0807291666666666
family_79	group5 len = 82	Supermatrix-ME	0.86492673992674	0.5	-0.36492673992674	0.180729166666667
family_80	group5 len = 82	Supermatrix-ME	0.878627232142857	0.9534375	0.074810267857143	0.114322916666667
family_81	group5 len = 82	Supermatrix-ME	0.823692992213571	0.79	-0.0336929922135707	0.0731770833333334
family_82	group5 len = 82	Supermatrix-ME	0.750905040378725	0.89175	0.140844959621275	0.0638020833333333
family_83	group5 len = 82	Supermatrix-ME	0.705729166666667	0.737	0.0312708333333334	0.105208333333333
family_84	group5 len = 82	Supermatrix-ME	0.778027823240589	0.752727272727273	-0.0253005505133165	0.0536458333333333
family_85	group5 len = 82	Supermatrix-ME	0.847329422661315	0.9905	0.143170577338685	0.0833333333333333
family_86	group5 len = 82	Supermatrix-ME	0.733506944444444	0.902407407407407	0.168900462962963	0.0768229166666667
family_87	group5 len = 82	Supermatrix-ME	0.836474867724868	0.891363636363636	0.0548887686387687	0.113020833333333
family_88	group5 len = 82	Supermatrix-ME	0.838417396556931	0.923636363636364	0.0852189670794321	0.078125
family_89	group5 len = 82	Supermatrix-ME	0.75882541720154	0.892407407407407	0.133581990205867	0.0549479166666668
family_90	group5 len = 82	Supermatrix-ME	0.793269230769231	0.775925925925926	-0.0173433048433048	0.06328125
family_91	group5 len = 82	Supermatrix-ME	0.696795541623128	0.84375	0.146954458376872	0.124739583333333
family_92	group5 len = 82	Supermatrix-ME	0.883793642522147	1	0.116206357477853	0.08203125
family_93	group5 len = 82	Supermatrix-ME	0.854403409090909	0.893636363636364	0.0392329545454546	0.16171875
family_94	group5 len = 82	Supermatrix-ME	0.749444444444444	0.552272727272727	-0.197171717171717	0.10234375
family_95	group5 len = 82	Supermatrix-ME	0.846801346801347	0.9628125	0.116011153198653	0.0898437500000001
family_96	group5 len = 82	Supermatrix-ME	0.857783564814815	0.930454545454545	0.0726709806397307	0.0554687500000001
family_97	group5 len = 82	Supermatrix-ME	0.908850408850409	0.5	-0.408850408850409	0.146875
family_98	group5 len = 82	Supermatrix-ME	0.821177133201915	0.665	-0.156177133201915	0.000781250000000011
family_99	group5 len = 82	Supermatrix-ME	0.712567268122824	0.828	0.115432731877176	0.130989583333333
family_100	group5 len = 82	Supermatrix-ME	0.885269576379974	0.892272727272727	0.00700315089275305	0.12109375
family_101	group4 len = 60	Supermatrix-ME	0.806698002350176	0.797	-0.00969800235017626	0.06484375
family_102	group4 len = 60	Supermatrix-ME	0.825119684595888	0.947	0.121880315404111	0.034375
family_103	group4 len = 60	Supermatrix-ME	0.878625739228386	0.98984375	0.111218010771614	0.116927083333333
family_104	group4 len = 60	Supermatrix-ME	0.765485491071429	0.971714285714286	0.206228794642857	0.0348958333333333
family_105	group4 len = 60	Supermatrix-ME	0.872777017783858	0.997727272727273	0.124950254943415	0.0838541666666667
family_106	group4 len = 60	Supermatrix-ME	0.832300760349197	0.7755	-0.0568007603491975	0.0854166666666666
family_107	group4 len = 60	Supermatrix-ME	0.790544332210999	0.76625	-0.0242943322109989	0.128125
family_108	group4 len = 60	Supermatrix-ME	0.758942703387148	0.93125	0.172307296612852	0.115885416666667
family_109	group4 len = 60	Supermatrix-ME	0.787125656066687	0.981363636363636	0.194237980296949	0.1140625
family_110	group4 len = 60	Supermatrix-ME	0.765594405594406	0.823333333333333	0.0577389277389277	0.0401041666666667
family_111	group4 len = 60	Supermatrix-ME	0.80783371040724	0.929545454545455	0.121711744138215	0.153125
family_112	group4 len = 60	Supermatrix-ME	0.742466910729372	0.84925	0.106783089270628	0.07734375
family_113	group4 len = 60	Supermatrix-ME	0.716517857142857	0.6975	-0.0190178571428571	0.05078125
family_114	group4 len = 60	Supermatrix-ME	0.747571428571429	0.5	-0.247571428571429	0.0257812500000001
family_115	group4 len = 60	Supermatrix-ME	0.785858005173901	0.92525	0.139391994826099	0.0682291666666667
family_116	group4 len = 60	Supermatrix-ME	0.80890625	0.5	-0.30890625	0.123958333333333
family_117	group4 len = 60	Supermatrix-ME	0.780539772727273	0.92125	0.140710227272727	0.0697916666666667
family_118	group4 len = 60	Supermatrix-ME	0.682703003337041	0.746296296296296	0.0635932929592552	0.0854166666666666
family_119	group4 len = 60	Supermatrix-ME	0.783761160714286	0.8365	0.0527388392857143	0.0911458333333334
family_120	group4 len = 60	Supermatrix-ME	0.716931216931217	0.941851851851852	0.224920634920635	0.1140625
family_121	group4 len = 60	Supermatrix-ME	0.78587962962963	0.97675	0.19087037037037	0.119270833333333
family_122	group4 len = 60	Supermatrix-ME	0.854788292128446	0.955	0.100211707871554	0.11015625
family_123	group4 len = 60	Supermatrix-ME	0.721875	0.96925	0.247375	0.135677083333333
family_124	group4 len = 60	Supermatrix-ME	0.809208673613067	0.788636363636364	-0.0205723099767031	0.126041666666667
family_125	group4 len = 60	Supermatrix-ME	0.85171261487051	0.88625	0.0345373851294904	0.0955729166666667
family_126	group4 len = 60	Supermatrix-ME	0.858933255610609	0.880454545454545	0.0215212898439363	0.128385416666667
family_127	group4 len = 60	Supermatrix-ME	0.785357043623229	0.8735	0.0881429563767714	0.0710937500000001
family_128	group4 len = 60	Supermatrix-ME	0.912385503783353	0.99875	0.0863644962166468	0.0549479166666667
family_129	group4 len = 60	Supermatrix-ME	0.816671524336928	0.903	0.086328475663072	0.084375
family_130	group4 len = 60	Supermatrix-ME	0.81433607520564	0.997916666666667	0.183580591461026	0.0664062500000001
family_131	group4 len = 60	Supermatrix-ME	0.679259259259259	0.723703703703704	0.0444444444444445	0.0908854166666667
family_132	group4 len = 60	Supermatrix-ME	0.759765625	0.9105	0.150734375	0.0802083333333333
family_133	group4 len = 60	Supermatrix-ME	0.646111111111111	0.908	0.261888888888889	0.0799479166666667
family_134	group4 len = 60	Supermatrix-ME	0.714554398148148	0.86765625	0.153101851851852	0.0955729166666667
family_135	group4 len = 60	Supermatrix-ME	0.879131934463926	0.850925925925926	-0.0282060085380005	0.03125
family_136	group4 len = 60	Supermatrix-ME	0.758738277919864	0.916527777777778	0.157789499857914	0.0515625
family_137	group4 len = 60	Supermatrix-ME	0.90716803760282	0.5	-0.40716803760282	0.1125
family_138	group4 len = 60	Supermatrix-ME	0.728671328671329	0.832407407407407	0.103736078736079	0.0765625
family_139	group4 len = 60	Supermatrix-ME	0.782856348985829	0.897727272727273	0.114870923741443	0.0388020833333333
family_140	group4 len = 60	Supermatrix-ME	0.833791208791209	0.937272727272727	0.103481518481518	0.0893229166666667
family_141	group4 len = 60	Supermatrix-ME	0.842618778280543	0.7765625	-0.0660562782805429	0.0559895833333334
family_142	group4 len = 60	Supermatrix-ME	0.796123579131449	0.970454545454545	0.174330966323097	0.0648437500000001
family_143	group4 len = 60	Supermatrix-ME	0.749142857142857	0.815	0.0658571428571428	0.0333333333333333
family_144	group4 len = 60	Supermatrix-ME	0.791840712893344	0.721481481481482	-0.070359231411863	0.124479166666667
family_145	group4 len = 60	Supermatrix-ME	0.795531674208145	0.736363636363636	-0.0591680378445083	0.11171875
family_146	group4 len = 60	Supermatrix-ME	0.842105263157895	0.975	0.132894736842105	0.130729166666667
family_147	group4 len = 60	Supermatrix-ME	0.784360859728507	0.98171875	0.197357890271493	0.0747395833333333
family_148	group4 len = 60	Supermatrix-ME	0.736001131221719	0.90640625	0.170405118778281	0.139583333333333
family_149	group4 len = 60	Supermatrix-ME	0.864844457867714	0.944	0.0791555421322864	0.159114583333333
family_150	group4 len = 60	Supermatrix-ME	0.680729601782233	0.904	0.223270398217767	0.1078125
family_151	group4 len = 60	Supermatrix-ME	0.688679245283019	0.904027777777778	0.215348532494759	0.0244791666666667
family_152	group4 len = 60	Supermatrix-ME	0.792612819775798	0.9325	0.139887180224202	0.113020833333333
family_153	group4 len = 60	Supermatrix-ME	0.856470588235294	0.86425	0.00777941176470587	0.0283854166666666
family_154	group4 len = 60	Supermatrix-ME	0.839738234475077	0.5	-0.339738234475077	0.0593750000000001
family_155	group4 len = 60	Supermatrix-ME	0.676997649823737	0.710909090909091	0.0339114410853542	0.16171875
family_156	group4 len = 60	Supermatrix-ME	0.756715035504785	0.951111111111111	0.194396075606326	0.0708333333333333
family_157	group4 len = 60	Supermatrix-ME	0.884788189987163	0.946296296296296	0.0615081063091333	0.0747395833333334
family_158	group4 len = 60	Supermatrix-ME	0.880700694654183	0.930454545454546	0.0497538508003625	0.101041666666667
family_159	group4 len = 60	Supermatrix-ME	0.727753058954394	0.811481481481481	0.0837284225270877	0.100520833333333
family_160	group4 len = 60	Supermatrix-ME	0.773084815321477	0.87962962962963	0.106544814308152	0.0598958333333333
family_161	group4 len = 60	Supermatrix-ME	0.819977266268826	0.925454545454546	0.105477279185719	0.119270833333333
family_162	group4 len = 60	Supermatrix-ME	0.856387798248263	0.548181818181818	-0.308205980066445	0.158072916666667
family_163	group4 len = 60	Supermatrix-ME	0.886140046296296	0.921818181818182	0.0356781355218856	0.0768229166666666
family_164	group4 len = 60	Supermatrix-ME	0.79484375	0.994259259259259	0.199415509259259	0.0721354166666667
family_165	group4 len = 60	Supermatrix-ME	0.771555555555556	0.765555555555556	-0.00600000000000001	0.05
family_166	group4 len = 60	Supermatrix-ME	0.910548941798942	0.915454545454545	0.00490560365560366	0.06484375
family_167	group4 len = 60	Supermatrix-ME	0.673840048840049	0.999545454545455	0.325705405705406	0.136458333333333
family_168	group4 len = 60	Supermatrix-ME	0.799111111111111	0.94703125	0.147920138888889	0.090625
family_169	group4 len = 60	Supermatrix-ME	0.805	0.993636363636364	0.188636363636364	0.110677083333333
family_170	group4 len = 60	Supermatrix-ME	0.744860602647142	0.7895	0.0446393973528584	0.0598958333333334
family_171	group4 len = 60	Supermatrix-ME	0.792986425339366	0.970972222222222	0.177985796882856	0.0908854166666667
family_172	group4 len = 60	Supermatrix-ME	0.804850322091701	0.910454545454546	0.105604223362844	0.08125
family_173	group4 len = 60	Supermatrix-ME	0.853686971728359	0.95962962962963	0.105942657901271	0.0807291666666667
family_174	group4 len = 60	Supermatrix-ME	0.756944444444444	0.957	0.200055555555556	0.00286458333333339
family_175	group4 len = 60	Supermatrix-ME	0.868714285714286	0.98390625	0.115191964285714	0.0622395833333333
family_176	group4 len = 60	Supermatrix-ME	0.753333333333333	0.82671875	0.0733854166666666	-0.0283854166666666
family_177	group4 len = 60	Supermatrix-ME	0.753561253561254	0.95625	0.202688746438746	0.11484375
family_178	group4 len = 60	Supermatrix-ME	0.773474880382775	0.927037037037037	0.153562156654262	0.04609375
family_179	group4 len = 60	Supermatrix-ME	0.681725444476829	0.819428571428571	0.137703126951742	0.07578125
family_180	group4 len = 60	Supermatrix-ME	0.788359788359788	0.69	-0.0983597883597882	0.1
family_181	group4 len = 60	Supermatrix-ME	0.715768799102132	0.80125	0.0854812008978676	0.0677083333333334
family_182	group4 len = 60	Supermatrix-ME	0.89409518213866	0.93675	0.0426548178613395	0.02734375
family_183	group4 len = 60	Supermatrix-ME	0.7707696582384	0.72875	-0.0420196582383996	0.10625
family_184	group4 len = 60	Supermatrix-ME	0.802943969610636	0.942714285714286	0.139770316103649	0.0109375
family_185	group4 len = 60	Supermatrix-ME	0.789842873176206	0.72425	-0.0655928731762065	0.0669270833333333
family_186	group4 len = 60	Supermatrix-ME	0.684755244755245	0.844545454545455	0.15979020979021	0.14609375
family_187	group4 len = 60	Supermatrix-ME	0.803189561435303	0.83325	0.0300604385646974	0.121614583333333
family_188	group4 len = 60	Supermatrix-ME	0.8584455667789	0.712592592592593	-0.145852974186308	0.0888020833333333
family_189	group4 len = 60	Supermatrix-ME	0.835974880382775	0.877272727272727	0.0412978468899522	0.145833333333333
family_190	group4 len = 60	Supermatrix-ME	0.80195278344506	0.8078125	0.00585971655494022	-0.0247395833333333
family_191	group4 len = 60	Supermatrix-ME	0.844598416289593	0.91037037037037	0.0657719540807776	0.09609375
family_192	group4 len = 60	Supermatrix-ME	0.766534391534392	0.520454545454546	-0.246079846079846	0.120572916666667
family_193	group4 len = 60	Supermatrix-ME	0.786166508388731	0.84775	0.0615834916112694	0.110416666666667
family_194	group4 len = 60	Supermatrix-ME	0.899197283112072	0.925	0.0258027168879285	0.139322916666667
family_195	group4 len = 60	Supermatrix-ME	0.831589366515837	0.919259259259259	0.0876698927434221	0.0817708333333333
family_196	group4 len = 60	Supermatrix-ME	0.842046718576196	0.8503125	0.0082657814238043	0.0828125
family_197	group4 len = 60	Supermatrix-ME	0.857356459330144	0.89175	0.0343935406698563	0.0447916666666667
family_198	group4 len = 60	Supermatrix-ME	0.826896360100028	0.94421875	0.117322389899972	-0.00286458333333328
family_199	group4 len = 60	Supermatrix-ME	0.832720588235294	0.592727272727273	-0.239993315508021	0.0958333333333333
family_200	group4 len = 60	Supermatrix-ME	0.726226076555024	0.8685	0.142273923444976	0.0830729166666667
family_201	group3 len = 50	Supermatrix-ME	0.844064386317907	0.941818181818182	0.0977537955002743	0.0817708333333333
family_202	group3 len = 50	Supermatrix-ME	0.785296574770259	0.90234375	0.117047175229741	-0.0169270833333334
family_203	group3 len = 50	Supermatrix-ME	0.832410375983678	0.914444444444445	0.0820340684607663	0.0486979166666667
family_204	group3 len = 50	Supermatrix-ME	0.763009049773756	0.785	0.0219909502262444	0.111197916666667
family_205	group3 len = 50	Supermatrix-ME	0.730116796440489	0.699074074074074	-0.0310427223664154	0.05625
family_206	group3 len = 50	Supermatrix-ME	0.816836124401914	0.735454545454545	-0.0813815789473684	0.137760416666667
family_207	group3 len = 50	Supermatrix-ME	0.830842196033343	0.806111111111111	-0.0247310849222317	0.0622395833333333
family_208	group3 len = 50	Supermatrix-ME	0.866153846153846	0.8403125	-0.0258413461538461	0.0466145833333333
family_209	group3 len = 50	Supermatrix-ME	0.749370629370629	0.889	0.139629370629371	0.03828125
family_210	group3 len = 50	Supermatrix-ME	0.763285024154589	0.91025	0.146964975845411	0.0192708333333333
family_211	group3 len = 50	Supermatrix-ME	0.768952546296296	0.85875	0.0897974537037037	-0.0140625
family_212	group3 len = 50	Supermatrix-ME	0.806576103735721	0.76640625	-0.0401698537357209	0.0270833333333333
family_213	group3 len = 50	Supermatrix-ME	0.816142857142857	0.84140625	0.025263392857143	0.01875
family_214	group3 len = 50	Supermatrix-ME	0.837319243604004	0.95462962962963	0.117310386025625	0.0666666666666667
family_215	group3 len = 50	Supermatrix-ME	0.775390625	0.911875	0.136484375	0.00911458333333337
family_216	group3 len = 50	Supermatrix-ME	0.823333333333333	0.918636363636364	0.0953030303030303	0.13203125
family_217	group3 len = 50	Supermatrix-ME	0.876875	1	0.123125	0.0690104166666666
family_218	group3 len = 50	Supermatrix-ME	0.784899888765295	0.88328125	0.0983813612347052	0.08671875
family_219	group3 len = 50	Supermatrix-ME	0.791319344639264	0.96125	0.169930655360736	-0.00989583333333333
family_220	group3 len = 50	Supermatrix-ME	0.674422336328626	0.9515	0.277077663671374	0.106770833333333
family_221	group3 len = 50	Supermatrix-ME	0.68965034965035	0.67015625	-0.0194940996503496	0.00885416666666666
family_222	group3 len = 50	Supermatrix-ME	0.681312569521691	0.8246875	0.143374930478309	0.10390625
family_223	group3 len = 50	Supermatrix-ME	0.729537903956509	0.7205	-0.00903790395650861	0.185677083333333
family_224	group3 len = 50	Supermatrix-ME	0.835944055944056	0.5	-0.335944055944056	-0.0166666666666667
family_225	group3 len = 50	Supermatrix-ME	0.810919699916643	0.80475	-0.00616969991664351	0.0721354166666666
family_226	group3 len = 50	Supermatrix-ME	0.764321468298109	0.809285714285714	0.0449642459876053	0.0283854166666666
family_227	group3 len = 50	Supermatrix-ME	0.764500145730108	0.905	0.140499854269892	0.0549479166666667
family_228	group3 len = 50	Supermatrix-ME	0.790299773755656	0.92	0.129700226244344	0.0677083333333333
family_229	group3 len = 50	Supermatrix-ME	0.774545454545455	0.678148148148148	-0.0963973063973064	0.1046875
family_230	group3 len = 50	Supermatrix-ME	0.801523426271917	0.9078125	0.106289073728083	0.0072916666666667
family_231	group3 len = 50	Supermatrix-ME	0.681074405680766	0.57	-0.111074405680766	-0.01640625
family_232	group3 len = 50	Supermatrix-ME	0.781472009093492	0.800925925925926	0.0194539168324335	0.071875
family_233	group3 len = 50	Supermatrix-ME	0.791295884315907	0.91328125	0.121985365684093	-0.0278645833333333
family_234	group3 len = 50	Supermatrix-ME	0.729311342592593	0.706111111111111	-0.0232002314814815	0.046875
family_235	group3 len = 50	Supermatrix-ME	0.79734219269103	0.732142857142857	-0.0651993355481728	-0.00286458333333334
family_236	group3 len = 50	Supermatrix-ME	0.817940848214286	0.718703703703704	-0.099237144510582	-0.00234375000000003
family_237	group3 len = 50	Supermatrix-ME	0.838942307692308	0.825	-0.0139423076923078	0.0984375000000001
family_238	group3 len = 50	Supermatrix-ME	0.724137931034483	0.852407407407407	0.128269476372925	0.0518229166666667
family_239	group3 len = 50	Supermatrix-ME	0.70075020839122	0.88578125	0.18503104160878	0.0604166666666666
family_240	group3 len = 50	Supermatrix-ME	0.75	0.6290625	-0.1209375	0.0869791666666666
family_241	group3 len = 50	Supermatrix-ME	0.717777777777778	0.932407407407407	0.21462962962963	-0.0140625
family_242	group3 len = 50	Supermatrix-ME	0.877882745207002	0.8	-0.0778827452070019	0.0705729166666667
family_243	group3 len = 50	Supermatrix-ME	0.719715956558062	0.954375	0.234659043441938	0.028125
family_244	group3 len = 50	Supermatrix-ME	0.824143692564745	0.803125	-0.0210186925647452	0.10078125
family_245	group3 len = 50	Supermatrix-ME	0.767983945662241	0.618181818181818	-0.149802127480423	0.0619791666666667
family_246	group3 len = 50	Supermatrix-ME	0.742932089769746	0.922	0.179067910230254	0.0903645833333333
family_247	group3 len = 50	Supermatrix-ME	0.850537330316742	0.61675	-0.233787330316742	0.124739583333333
family_248	group3 len = 50	Supermatrix-ME	0.712057922584238	0.98796875	0.275910827415762	0.0911458333333334
family_249	group3 len = 50	Supermatrix-ME	0.853395511512678	0.5	-0.353395511512678	0.0533854166666666
family_250	group3 len = 50	Supermatrix-ME	0.813837176993609	0.887727272727273	0.0738900957336635	0.09453125
family_251	group3 len = 50	Supermatrix-ME	0.866527777777778	0.854545454545455	-0.0119823232323232	0.0203125
family_252	group3 len = 50	Supermatrix-ME	0.832417582417582	0.9285	0.0960824175824175	0.0841145833333333
family_253	group3 len = 50	Supermatrix-ME	0.813164702500719	0.8265625	0.0133977974992814	0.03046875
family_254	group3 len = 50	Supermatrix-ME	0.784029553850526	0.975	0.190970446149474	0.121614583333333
family_255	group3 len = 50	Supermatrix-ME	0.700198920147769	0.684259259259259	-0.01593966088851	0.1359375
family_256	group3 len = 50	Supermatrix-ME	0.913518518518519	0.5	-0.413518518518519	0.0911458333333333
family_257	group3 len = 50	Supermatrix-ME	0.793247767857143	0.655454545454545	-0.137793222402598	0.0924479166666666
family_258	group3 len = 50	Supermatrix-ME	0.777362440191388	0.575909090909091	-0.201453349282297	0.111197916666667
family_259	group3 len = 50	Supermatrix-ME	0.74291087962963	0.899	0.15608912037037	0.0627604166666667
family_260	group3 len = 50	Supermatrix-ME	0.728309232480534	0.724428571428571	-0.0038806610519625	0.114322916666667
family_261	group3 len = 50	Supermatrix-ME	0.760463169642857	0.963125	0.202661830357143	0.1125
family_262	group3 len = 50	Supermatrix-ME	0.822951739618406	0.745714285714286	-0.0772374539041206	0.0986979166666667
family_263	group3 len = 50	Supermatrix-ME	0.831509539842873	0.867222222222222	0.0357126823793491	-0.0473958333333334
family_264	group3 len = 50	Supermatrix-ME	0.754068462401796	0.844545454545455	0.0904769921436589	0.174479166666667
family_265	group3 len = 50	Supermatrix-ME	0.869438264738598	0.889259259259259	0.0198209945206609	0.07578125
family_266	group3 len = 50	Supermatrix-ME	0.887513904338153	0.81125	-0.0762639043381534	0.05859375
family_267	group3 len = 50	Supermatrix-ME	0.741848686293131	0.9615	0.219651313706869	0.0440104166666666
family_268	group3 len = 50	Supermatrix-ME	0.825474330357143	0.9721875	0.146713169642857	-0.00156249999999991
family_269	group3 len = 50	Supermatrix-ME	0.752946127946128	0.8815625	0.128616372053872	0.03203125
family_270	group3 len = 50	Supermatrix-ME	0.738665164742326	0.896818181818182	0.158153017075856	0.14453125
family_271	group3 len = 50	Supermatrix-ME	0.786746318421784	0.86859375	0.0818474315782162	0.0989583333333333
family_272	group3 len = 50	Supermatrix-ME	0.804878048780488	0.959090909090909	0.154212860310421	0.167708333333333
family_273	group3 len = 50	Supermatrix-ME	0.67328125	0.861527777777778	0.188246527777778	0.0416666666666666
family_274	group3 len = 50	Supermatrix-ME	0.861328125	0.552	-0.309328125	0.04609375
family_275	group3 len = 50	Supermatrix-ME	0.808894572321682	0.89325	0.0843554276783177	-0.000520833333333304
family_276	group3 len = 50	Supermatrix-ME	0.725319602272727	0.960454545454545	0.235134943181818	0.116666666666667
family_277	group3 len = 50	Supermatrix-ME	0.784201680672269	0.9875	0.203298319327731	0.129166666666667
family_278	group3 len = 50	Supermatrix-ME	0.720839160839161	0.733518518518519	0.0126793576793577	0.07890625
family_279	group3 len = 50	Supermatrix-ME	0.664819551008809	0.6865	0.0216804489911907	0.06796875
family_280	group3 len = 50	Supermatrix-ME	0.773681142524045	0.98796875	0.214287607475955	0.0372395833333333
family_281	group3 len = 50	Supermatrix-ME	0.834825563445508	0.807285714285714	-0.0275398491597936	0.000520833333333359
family_282	group3 len = 50	Supermatrix-ME	0.818566015738852	0.786	-0.0325660157388517	0.05546875
family_283	group3 len = 50	Supermatrix-ME	0.686915887850467	0.511666666666667	-0.175249221183801	-0.0640625
family_284	group3 len = 50	Supermatrix-ME	0.74256737982773	0.86075	0.11818262017227	0.126822916666667
family_285	group3 len = 50	Supermatrix-ME	0.87972027972028	0.877222222222222	-0.00249805749805754	0.0171875
family_286	group3 len = 50	Supermatrix-ME	0.766046123923312	0.82875	0.0627038760766879	0.108072916666667
family_287	group3 len = 50	Supermatrix-ME	0.667227833894501	0.686481481481481	0.0192536475869809	0.0783854166666667
family_288	group3 len = 50	Supermatrix-ME	0.793798665183537	0.869545454545455	0.0757467893619173	0.0791666666666667
family_289	group3 len = 50	Supermatrix-ME	0.792740740740741	0.8145	0.0217592592592593	0.08203125
family_290	group3 len = 50	Supermatrix-ME	0.752802529462489	0.888888888888889	0.1360863594264	-0.0572916666666666
family_291	group3 len = 50	Supermatrix-ME	0.755754475703325	0.697037037037037	-0.0587174386662878	0.0393229166666667
family_292	group3 len = 50	Supermatrix-ME	0.785575048732943	0.92546875	0.139893701267057	0.108333333333333
family_293	group3 len = 50	Supermatrix-ME	0.866021324354658	1	0.133978675645342	0.169270833333333
family_294	group3 len = 50	Supermatrix-ME	0.786324786324786	0.946851851851852	0.160527065527066	0.0632812500000001
family_295	group3 len = 50	Supermatrix-ME	0.863787375415282	0.75	-0.113787375415282	0.0690104166666667
family_296	group3 len = 50	Supermatrix-ME	0.914666666666667	0.895925925925926	-0.0187407407407407	0.10390625
family_297	group3 len = 50	Supermatrix-ME	0.810886644219978	0.80203125	-0.00885539421997761	0.10234375
family_298	group3 len = 50	Supermatrix-ME	0.800612642717906	0.976481481481482	0.175868838763576	0.115364583333333
family_299	group3 len = 50	Supermatrix-ME	0.656502367028683	0.73537037037037	0.0788680033416875	0.115104166666667
family_300	group3 len = 50	Supermatrix-ME	0.822	0.7975	-0.0245	0.04765625
family_301	group2 len = 46	Supermatrix-ME	0.822069377990431	0.913181818181818	0.0911124401913876	0.0591145833333334
family_302	group2 len = 46	Supermatrix-ME	0.724195804195804	0.616111111111111	-0.108084693084693	0.0247395833333333
family_303	group2 len = 46	Supermatrix-ME	0.823870573870574	0.816666666666667	-0.00720390720390729	0.154427083333333
family_304	group2 len = 46	Supermatrix-ME	0.873712057922584	1	0.126287942077416	0.12109375
family_305	group2 len = 46	Supermatrix-ME	0.83734375	0.974375	0.13703125	0.0932291666666666
family_306	group2 len = 46	Supermatrix-ME	0.718101733447002	0.85828125	0.140179516552998	0.0911458333333334
family_307	group2 len = 46	Supermatrix-ME	0.705948372615039	0.8275	0.121551627384961	0.0588541666666667
family_308	group2 len = 46	Supermatrix-ME	0.77197966507177	0.583636363636364	-0.188343301435407	0.07578125
family_309	group2 len = 46	Supermatrix-ME	0.803114571746385	0.6309375	-0.172177071746385	0.0580729166666667
family_310	group2 len = 46	Supermatrix-ME	0.695050472158906	0.805428571428571	0.110378099269665	-0.0255208333333334
family_311	group2 len = 46	Supermatrix-ME	0.768084490740741	0.794714285714286	0.026629794973545	0.0716145833333334
family_312	group2 len = 46	Supermatrix-ME	0.738222222222222	0.972272727272727	0.234050505050505	0.000781249999999956
family_313	group2 len = 46	Supermatrix-ME	0.724489795918367	0.690454545454545	-0.0340352504638219	0.0997395833333334
family_314	group2 len = 46	Supermatrix-ME	0.850909090909091	0.983148148148148	0.132239057239057	0.0903645833333334
family_315	group2 len = 46	Supermatrix-ME	0.803754813863928	0.895185185185185	0.0914303713212571	0.00807291666666665
family_316	group2 len = 46	Supermatrix-ME	0.834538375973304	0.5	-0.334538375973304	0.02421875
family_317	group2 len = 46	Supermatrix-ME	0.88041958041958	0.837777777777778	-0.0426418026418027	0.0976562500000001
family_318	group2 len = 46	Supermatrix-ME	0.843240304458137	1	0.156759695541863	-0.10390625
family_319	group2 len = 46	Supermatrix-ME	0.860699300699301	0.958888888888889	0.0981895881895882	0.0328125
family_320	group2 len = 46	Supermatrix-ME	0.673943270300334	0.89203125	0.218087979699666	0.00468750000000001
family_321	group2 len = 46	Supermatrix-ME	0.745098039215686	0.882037037037037	0.136938997821351	0.0231770833333333
family_322	group2 len = 46	Supermatrix-ME	0.77921875	0.763285714285714	-0.0159330357142857	0.0497395833333333
family_323	group2 len = 46	Supermatrix-ME	0.670645069622052	0.759814814814815	0.0891697451927631	0.0575520833333334
family_324	group2 len = 46	Supermatrix-ME	0.861849547511312	0.84575	-0.0160995475113122	0.04140625
family_325	group2 len = 46	Supermatrix-ME	0.81034965034965	0.929	0.11865034965035	0.0864583333333334
family_326	group2 len = 46	Supermatrix-ME	0.729920814479638	0.611	-0.118920814479638	0.102083333333333
family_327	group2 len = 46	Supermatrix-ME	0.792167832167832	0.833518518518519	0.0413506863506864	0.0307291666666666
family_328	group2 len = 46	Supermatrix-ME	0.691879866518354	0.6205	-0.0713798665183537	0.0552083333333334
family_329	group2 len = 46	Supermatrix-ME	0.671666666666667	0.78859375	0.116927083333333	0.0632812500000001
family_330	group2 len = 46	Supermatrix-ME	0.823092031425365	0.956296296296296	0.133204264870932	0.0684895833333333
family_331	group2 len = 46	Supermatrix-ME	0.761475150364039	0.644714285714286	-0.116760864649754	0.0544270833333333
family_332	group2 len = 46	Supermatrix-ME	0.719276094276094	0.84421875	0.124942655723906	0.0434895833333334
family_333	group2 len = 46	Supermatrix-ME	0.70453125	0.79	0.0854687500000001	-0.0151041666666666
family_334	group2 len = 46	Supermatrix-ME	0.635820460507141	0.79875	0.162929539492859	0.015625
family_335	group2 len = 46	Supermatrix-ME	0.734335839598998	0.944027777777778	0.20969193817878	0.0799479166666666
family_336	group2 len = 46	Supermatrix-ME	0.63653348663409	0.5459375	-0.0905959866340903	0.0713541666666667
family_337	group2 len = 46	Supermatrix-ME	0.829583333333333	0.874444444444444	0.0448611111111111	0.08671875
family_338	group2 len = 46	Supermatrix-ME	0.6953125	0.870740740740741	0.175428240740741	0.134375
family_339	group2 len = 46	Supermatrix-ME	0.771690767519466	0.858888888888889	0.0871981213694228	0.0729166666666667
family_340	group2 len = 46	Supermatrix-ME	0.782645089285714	0.97225	0.189604910714286	0.1296875
family_341	group2 len = 46	Supermatrix-ME	0.766268826371128	0.720185185185185	-0.046083641185943	0.123177083333333
family_342	group2 len = 46	Supermatrix-ME	0.766142857142857	0.92640625	0.160263392857143	0.0846354166666667
family_343	group2 len = 46	Supermatrix-ME	0.796444444444444	0.699545454545455	-0.0968989898989898	0.0671875000000001
family_344	group2 len = 46	Supermatrix-ME	0.701590401785714	0.866	0.164409598214286	0.05390625
family_345	group2 len = 46	Supermatrix-ME	0.754605859257022	0.746527777777778	-0.00807808147924427	0.01640625
family_346	group2 len = 46	Supermatrix-ME	0.759300699300699	0.868472222222222	0.109171522921523	-0.03515625
family_347	group2 len = 46	Supermatrix-ME	0.83459595959596	0.909571428571429	0.074975468975469	0.0119791666666667
family_348	group2 len = 46	Supermatrix-ME	0.904065719855193	0.5	-0.404065719855193	0.0734375
family_349	group2 len = 46	Supermatrix-ME	0.776743539872187	0.857592592592593	0.0808490527204059	0.0703125
family_350	group2 len = 46	Supermatrix-ME	0.833193041526375	0.941	0.107806958473625	0.0963541666666667
family_351	group2 len = 46	Supermatrix-ME	0.780144806460596	0.88265625	0.102511443539404	0.114322916666667
family_352	group2 len = 46	Supermatrix-ME	0.749565972222222	0.8665625	0.116996527777778	0.0520833333333334
family_353	group2 len = 46	Supermatrix-ME	0.831857142857143	0.9746875	0.142830357142857	0.0690104166666667
family_354	group2 len = 46	Supermatrix-ME	0.815663474692202	0.947777777777778	0.132114303085575	-0.01328125
family_355	group2 len = 46	Supermatrix-ME	0.816685267857143	0.91515625	0.0984709821428572	0.145572916666667
family_356	group2 len = 46	Supermatrix-ME	0.737273755656109	0.672962962962963	-0.0643107926931455	0.0390625
family_357	group2 len = 46	Supermatrix-ME	0.784511784511784	0.849259259259259	0.0647474747474748	0.0760416666666667
family_358	group2 len = 46	Supermatrix-ME	0.762160633484163	0.9240625	0.161901866515837	0.0544270833333333
family_359	group2 len = 46	Supermatrix-ME	0.68218487394958	0.83015625	0.14797137605042	-0.00755208333333335
family_360	group2 len = 46	Supermatrix-ME	0.761864165956238	0.791666666666667	0.029802500710429	0.105729166666667
family_361	group2 len = 46	Supermatrix-ME	0.854561352375401	0.952727272727273	0.098165920351872	0.115885416666667
family_362	group2 len = 46	Supermatrix-ME	0.803571428571429	0.9365	0.132928571428571	0.0966145833333333
family_363	group2 len = 46	Supermatrix-ME	0.777064732142857	0.5	-0.277064732142857	0.156510416666667
family_364	group2 len = 46	Supermatrix-ME	0.837714285714286	0.901	0.0632857142857143	0.108072916666667
family_365	group2 len = 46	Supermatrix-ME	0.676470588235294	0.688	0.0115294117647058	0.065625
family_366	group2 len = 46	Supermatrix-ME	0.601285714285714	0.938636363636364	0.337350649350649	0.0325520833333334
family_367	group2 len = 46	Supermatrix-ME	0.792464114832536	0.99275	0.200285885167464	0.07890625
family_368	group2 len = 46	Supermatrix-ME	0.805887496356747	0.770714285714286	-0.0351732106424616	0.0744791666666667
family_369	group2 len = 46	Supermatrix-ME	0.803450226244344	0.7465	-0.0569502262443439	0.0924479166666666
family_370	group2 len = 46	Supermatrix-ME	0.639194139194139	0.61175	-0.0274441391941391	0.176822916666667
family_371	group2 len = 46	Supermatrix-ME	0.853570436232287	0.9375	0.0839295637677132	0.0276041666666667
family_372	group2 len = 46	Supermatrix-ME	0.794903926482874	0.89875	0.103846073517126	0.02421875
family_373	group2 len = 46	Supermatrix-ME	0.780833333333333	0.8755	0.0946666666666666	0.0494791666666667
family_374	group2 len = 46	Supermatrix-ME	0.70671875	0.742222222222222	0.0355034722222223	0.0692708333333333
family_375	group2 len = 46	Supermatrix-ME	0.841768631813126	0.92	0.0782313681868744	0.0447916666666667
family_376	group2 len = 46	Supermatrix-ME	0.78078125	0.883333333333333	0.102552083333333	-0.00572916666666662
family_377	group2 len = 46	Supermatrix-ME	0.833572865766025	0.7005	-0.133072865766025	0.1203125
family_378	group2 len = 46	Supermatrix-ME	0.855533652492256	0.79675	-0.0587836524922557	0.114583333333333
family_379	group2 len = 46	Supermatrix-ME	0.819428733031674	0.972037037037037	0.152608304005363	0.0940104166666667
family_380	group2 len = 46	Supermatrix-ME	0.644857142857143	0.739285714285714	0.0944285714285714	0.0598958333333333
family_381	group2 len = 46	Supermatrix-ME	0.794363839285714	0.8490625	0.0546986607142858	0.0893229166666666
family_382	group2 len = 46	Supermatrix-ME	0.746111111111111	0.693194444444444	-0.0529166666666666	-0.0411458333333333
family_383	group2 len = 46	Supermatrix-ME	0.748070392096326	0.980740740740741	0.232670348644415	0.0911458333333333
family_384	group2 len = 46	Supermatrix-ME	0.817333333333333	0.888285714285714	0.0709523809523809	0.123697916666667
family_385	group2 len = 46	Supermatrix-ME	0.789090909090909	0.844285714285714	0.0551948051948052	0.0333333333333333
family_386	group2 len = 46	Supermatrix-ME	0.739272520602444	0.850555555555556	0.111283034953112	0.0346354166666667
family_387	group2 len = 46	Supermatrix-ME	0.765863689776733	0.80275	0.0368863102232667	0.0377604166666667
family_388	group2 len = 46	Supermatrix-ME	0.805288461538462	0.732727272727273	-0.0725611888111889	0.112760416666667
family_389	group2 len = 46	Supermatrix-ME	0.820949619427329	0.983181818181818	0.162232198754489	0.0986979166666667
family_390	group2 len = 46	Supermatrix-ME	0.781842028563101	0.71625	-0.0655920285631012	0.101041666666667
family_391	group2 len = 46	Supermatrix-ME	0.831628303495311	0.660555555555556	-0.171072747939756	0.0684895833333333
family_392	group2 len = 46	Supermatrix-ME	0.7666015625	0.845740740740741	0.0791391782407408	0.0697916666666667
family_393	group2 len = 46	Supermatrix-ME	0.812170047235343	0.993888888888889	0.181718841653546	0.12578125
family_394	group2 len = 46	Supermatrix-ME	0.794943039733259	0.925925925925926	0.130982886192667	0.0729166666666667
family_395	group2 len = 46	Supermatrix-ME	0.872427983539095	0.86875	-0.00367798353909465	0.0140625
family_396	group2 len = 46	Supermatrix-ME	0.771690767519466	0.8121875	0.040496732480534	0.0145833333333333
family_397	group2 len = 46	Supermatrix-ME	0.793691389599318	0.892727272727273	0.0990358831279547	0.0807291666666667
family_398	group2 len = 46	Supermatrix-ME	0.824805339265851	0.978714285714286	0.153908946448435	0.0359375
family_399	group2 len = 46	Supermatrix-ME	0.76501868352975	0.497777777777778	-0.267240905751972	0.0411458333333333
family_400	group2 len = 46	Supermatrix-ME	0.866934238962643	0.839074074074074	-0.0278601648885687	0.0380208333333334
family_401	group1 len = 32	Supermatrix-ME	0.702618980568854	0.7425	0.0398810194311462	0.0424479166666666
family_402	group1 len = 32	Supermatrix-ME	0.960978835978836	0.726714285714286	-0.23426455026455	0.0221354166666667
family_403	group1 len = 32	Supermatrix-ME	0.807692307692308	0.94890625	0.141213942307692	0.03828125
family_404	group1 len = 32	Supermatrix-ME	0.68084082156611	0.820555555555555	0.139714733989445	-0.00598958333333338
family_405	group1 len = 32	Supermatrix-ME	0.839585109406081	0.5	-0.339585109406081	0.134375
family_406	group1 len = 32	Supermatrix-ME	0.751260504201681	0.909714285714286	0.158453781512605	0.0182291666666667
family_407	group1 len = 32	Supermatrix-ME	0.762760495318635	0.821142857142857	0.0583823618242223	0.0111979166666666
family_408	group1 len = 32	Supermatrix-ME	0.75664592760181	0.624	-0.13264592760181	0.0890625
family_409	group1 len = 32	Supermatrix-ME	0.708137485311398	0.570714285714286	-0.137423199597113	-0.00364583333333335
family_410	group1 len = 32	Supermatrix-ME	0.730751391465677	0.800571428571429	0.0698200371057514	-0.06171875
family_411	group1 len = 32	Supermatrix-ME	0.742133110554163	0.87462962962963	0.132496519075466	0.08828125
family_412	group1 len = 32	Supermatrix-ME	0.9225	0.949142857142857	0.0266428571428572	0.103645833333333
family_413	group1 len = 32	Supermatrix-ME	0.826232247284879	0.966285714285714	0.140053467000835	-0.0432291666666667
family_414	group1 len = 32	Supermatrix-ME	0.755813953488372	0.669444444444444	-0.0863695090439277	0.0393229166666667
family_415	group1 len = 32	Supermatrix-ME	0.788170922355393	0.752916666666667	-0.0352542556887268	0.0315104166666667
family_416	group1 len = 32	Supermatrix-ME	0.692587412587413	0.965555555555556	0.272968142968143	0.0809895833333333
family_417	group1 len = 32	Supermatrix-ME	0.817032509030286	0.97078125	0.153748740969714	-0.01484375
family_418	group1 len = 32	Supermatrix-ME	0.775958994708995	0.75	-0.0259589947089947	0.0044270833333333
family_419	group1 len = 32	Supermatrix-ME	0.849681712962963	0.963888888888889	0.114207175925926	0.0838541666666667
family_420	group1 len = 32	Supermatrix-ME	0.727142857142857	0.599	-0.128142857142857	0.06328125
family_421	group1 len = 32	Supermatrix-ME	0.725555555555556	0.7825	0.0569444444444445	-0.00624999999999998
family_422	group1 len = 32	Supermatrix-ME	0.753570387642087	0.800833333333333	0.0472629456912466	0.0567708333333333
family_423	group1 len = 32	Supermatrix-ME	0.707990599294947	0.925	0.217009400705053	0.028125
family_424	group1 len = 32	Supermatrix-ME	0.74944382647386	0.826714285714286	0.0772704592404259	-0.0161458333333334
family_425	group1 len = 32	Supermatrix-ME	0.840296296296296	0.915625	0.0753287037037037	0.084375
family_426	group1 len = 32	Supermatrix-ME	0.707452725250278	0.950625	0.243172274749722	0.0255208333333333
family_427	group1 len = 32	Supermatrix-ME	0.774069319640565	0.70425	-0.0698193196405649	0.11171875
family_428	group1 len = 32	Supermatrix-ME	0.696013289036545	0.594	-0.102013289036545	0.05234375
family_429	group1 len = 32	Supermatrix-ME	0.799805501528202	0.926	0.126194498471798	0.0572916666666667
family_430	group1 len = 32	Supermatrix-ME	0.850027901785714	0.87375	0.0237220982142857	0.00755208333333329
family_431	group1 len = 32	Supermatrix-ME	0.699497767857143	0.792714285714286	0.0932165178571428	0.01875
family_432	group1 len = 32	Supermatrix-ME	0.739510975270909	0.707777777777778	-0.0317331974931309	0.0151041666666666
family_433	group1 len = 32	Supermatrix-ME	0.692624248179804	0.6884375	-0.00418674817980369	0.01953125
family_434	group1 len = 32	Supermatrix-ME	0.784	0.598888888888889	-0.185111111111111	0.04140625
family_435	group1 len = 32	Supermatrix-ME	0.817273795534665	0.854285714285714	0.0370119187510491	0.0239583333333334
family_436	group1 len = 32	Supermatrix-ME	0.761453619909502	0.77828125	0.0168276300904977	0.0481770833333334
family_437	group1 len = 32	Supermatrix-ME	0.833472570314676	0.85825	0.0247774296853244	0.0541666666666667
family_438	group1 len = 32	Supermatrix-ME	0.67265625	0.87359375	0.2009375	-0.0481770833333333
family_439	group1 len = 32	Supermatrix-ME	0.791260504201681	0.625	-0.166260504201681	-0.01015625
family_440	group1 len = 32	Supermatrix-ME	0.770484449760766	0.6821875	-0.0882969497607656	0.00859375000000001
family_441	group1 len = 32	Supermatrix-ME	0.712704800229951	0.748571428571429	0.0358666283414775	-0.0385416666666667
family_442	group1 len = 32	Supermatrix-ME	0.717478991596639	0.834583333333333	0.117104341736695	0.05390625
family_443	group1 len = 32	Supermatrix-ME	0.732204861111111	0.67546875	-0.0567361111111112	-0.01640625
family_444	group1 len = 32	Supermatrix-ME	0.725333333333333	0.738857142857143	0.0135238095238095	0.0528645833333333
family_445	group1 len = 32	Supermatrix-ME	0.798096050014209	0.781296296296296	-0.0167997537179123	0.0783854166666667
family_446	group1 len = 32	Supermatrix-ME	0.669683257918552	0.835909090909091	0.166225832990539	0.00677083333333328
family_447	group1 len = 32	Supermatrix-ME	0.755984229794424	0.87984375	0.123859520205576	0.0567708333333334
family_448	group1 len = 32	Supermatrix-ME	0.786445012787724	0.6625	-0.123945012787724	0.0859375
family_449	group1 len = 32	Supermatrix-ME	0.783582089552239	0.98962962962963	0.206047540077391	0.13125
family_450	group1 len = 32	Supermatrix-ME	0.782439566546263	0.89	0.107560433453737	0.0328125
family_451	group1 len = 32	Supermatrix-ME	0.808254963427377	0.682428571428571	-0.125826391998806	0.0908854166666667
family_452	group1 len = 32	Supermatrix-ME	0.663571428571429	0.66765625	0.00408482142857147	0.0859375000000001
family_453	group1 len = 32	Supermatrix-ME	0.751231527093596	0.857037037037037	0.105805509943441	-0.0322916666666667
family_454	group1 len = 32	Supermatrix-ME	0.840650180605724	0.926875	0.0862248193942762	0.0109375
family_455	group1 len = 32	Supermatrix-ME	0.770048864616269	0.8528125	0.0827636353837309	0.0328125
family_456	group1 len = 32	Supermatrix-ME	0.805001582779361	0.846666666666667	0.0416650838873062	0.0533854166666667
family_457	group1 len = 32	Supermatrix-ME	0.856770833333333	0.651851851851852	-0.204918981481481	0.0231770833333333
family_458	group1 len = 32	Supermatrix-ME	0.89210233592881	0.995555555555556	0.103453219626746	0.03515625
family_459	group1 len = 32	Supermatrix-ME	0.741278172275394	0.716818181818182	-0.0244599904572117	0.0864583333333334
family_460	group1 len = 32	Supermatrix-ME	0.875868055555556	0.7721875	-0.103680555555556	0.0447916666666667
family_461	group1 len = 32	Supermatrix-ME	0.680911680911681	0.849305555555556	0.168393874643875	0.05234375
family_462	group1 len = 32	Supermatrix-ME	0.801478794642857	0.90484375	0.103364955357143	-0.00312499999999999
family_463	group1 len = 32	Supermatrix-ME	0.649179864253394	0.830740740740741	0.181560876487347	0.0541666666666667
family_464	group1 len = 32	Supermatrix-ME	0.712428571428571	0.82453125	0.112102678571429	0.08046875
family_465	group1 len = 32	Supermatrix-ME	0.841094106154347	0.709857142857143	-0.131236963297204	0.02890625
family_466	group1 len = 32	Supermatrix-ME	0.78212682379349	0.92	0.13787317620651	0.0083333333333333
family_467	group1 len = 32	Supermatrix-ME	0.703703703703704	0.58375	-0.119953703703704	0.101041666666667
family_468	group1 len = 32	Supermatrix-ME	0.693899124131682	0.843571428571429	0.149672304439746	-0.0140625
family_469	group1 len = 32	Supermatrix-ME	0.739717978848414	0.843	0.103282021151586	0.0848958333333334
family_470	group1 len = 32	Supermatrix-ME	0.611413043478261	0.592714285714286	-0.0186987577639751	-0.0182291666666667
family_471	group1 len = 32	Supermatrix-ME	0.745600493979623	0.760571428571429	0.0149709345918052	0.0375
family_472	group1 len = 32	Supermatrix-ME	0.876527777777778	0.691111111111111	-0.185416666666667	0.175
family_473	group1 len = 32	Supermatrix-ME	0.738611111111111	0.787962962962963	0.0493518518518519	0.101041666666667
family_474	group1 len = 32	Supermatrix-ME	0.846153846153846	0.71609375	-0.130060096153846	0.0302083333333334
family_475	group1 len = 32	Supermatrix-ME	0.739293659621802	0.69575	-0.043543659621802	0.116666666666667
family_476	group1 len = 32	Supermatrix-ME	0.61247680890538	0.742037037037037	0.129560228131657	0.0130208333333334
family_477	group1 len = 32	Supermatrix-ME	0.689616967394745	0.63537037037037	-0.0542465970243748	0.05703125
family_478	group1 len = 32	Supermatrix-ME	0.727450341908173	0.830909090909091	0.103458749000918	0.08125
family_479	group1 len = 32	Supermatrix-ME	0.697954822954823	0.672222222222222	-0.0257326007326006	0.0578125
family_480	group1 len = 32	Supermatrix-ME	0.823284245623784	0.993857142857143	0.170572897233358	0.0434895833333333
family_481	group1 len = 32	Supermatrix-ME	0.674386160714286	0.847285714285714	0.172899553571429	0.0523437499999999
family_482	group1 len = 32	Supermatrix-ME	0.851128472222222	0.950857142857143	0.0997286706349206	0.0171875
family_483	group1 len = 32	Supermatrix-ME	0.732473544973545	0.6675	-0.064973544973545	0.0322916666666667
family_484	group1 len = 32	Supermatrix-ME	0.668235294117647	0.74359375	0.075358455882353	0.0591145833333333
family_485	group1 len = 32	Supermatrix-ME	0.707236842105263	0.860142857142857	0.152906015037594	0.04375
family_486	group1 len = 32	Supermatrix-ME	0.78	0.88025	0.10025	0.05390625
family_487	group1 len = 32	Supermatrix-ME	0.633037037037037	0.719861111111111	0.086824074074074	0.0182291666666667
family_488	group1 len = 32	Supermatrix-ME	0.73119212962963	0.749	0.0178078703703703	0.125
family_489	group1 len = 32	Supermatrix-ME	0.822689345314506	0.993636363636364	0.170947018321858	0.0747395833333333
family_490	group1 len = 32	Supermatrix-ME	0.843621399176955	0.65075	-0.192871399176955	0.0502604166666667
family_491	group1 len = 32	Supermatrix-ME	0.844305120167189	0.68734375	-0.156961370167189	0.0466145833333333
family_492	group1 len = 32	Supermatrix-ME	0.720164609053498	0.666	-0.0541646090534978	-0.0515625
family_493	group1 len = 32	Supermatrix-ME	0.816709292412617	0.94203125	0.125321957587383	-0.0197916666666667
family_494	group1 len = 32	Supermatrix-ME	0.793650793650794	0.914090909090909	0.120440115440115	0.0950520833333333
family_495	group1 len = 32	Supermatrix-ME	0.849206349206349	0.976857142857143	0.127650793650794	0.01875
family_496	group1 len = 32	Supermatrix-ME	0.740508533611982	0.754861111111111	0.0143525774991292	0.0302083333333333
family_497	group1 len = 32	Supermatrix-ME	0.838709677419355	0.97	0.131290322580645	0.0979166666666667
family_498	group1 len = 32	Supermatrix-ME	0.842538190364277	0.965416666666667	0.122878476302389	0.0265625
family_499	group1 len = 32	Supermatrix-ME	0.706936753133197	0.558518518518519	-0.148418234614679	0.0395833333333334
family_500	group1 len = 32	Supermatrix-ME	0.748868778280543	0.84484375	0.095974971719457	0.0830729166666667
